"DepartmentName","averagetreatmentcost","totalbilledamount"
"Dermatology","2895.8469999999998","202709.28999999998"
"Oncology","2800.085312500001","89602.73000000003"
"Pediatrics","2642.222755102041","258937.83000000002"
